Factor,λ̄ (×100),SE_NW (×100),t-stat,p-value,% Positive,T,Sig (5%)
intercept,0.0743,0.0375,1.983,0.0476,54.5,915,***
momentum_20d,-0.2786,0.6039,-0.461,0.6447,50.7,915,
volume_ratio,-0.3698,1.0092,-0.366,0.7142,49.0,915,
rsi_14,0.3671,0.4149,0.885,0.3765,47.7,915,
macd_signal,0.4332,0.4314,1.004,0.3156,50.3,915,
foreign_net_buy,-0.6316,0.4818,-1.311,0.1902,49.2,915,
trust_net_buy,-1.1837,0.7266,-1.629,0.1037,46.0,915,
dealer_net_buy,0.2454,0.3098,0.792,0.4285,50.7,915,
roe,0.0942,0.1953,0.482,0.6295,48.3,915,
roa,-0.069,0.2701,-0.255,0.7985,51.6,915,
eps_growth,0.2989,0.4238,0.705,0.4808,50.9,915,
revenue_yoy,0.3256,0.1855,1.755,0.0796,51.0,915,
