factor,legacy_T,legacy_mean_ic,legacy_t_signed,legacy_sig,current_T,current_mean_ic,current_t_signed,current_sig
dealer_net_buy,421,0.0044,0.3223,False,421,0.0044,0.3223,False
eps_growth,135,0.0326,1.5529,False,135,0.0326,1.5529,False
foreign_net_buy,421,-0.0027,-0.1925,False,421,-0.0027,-0.1925,False
macd_signal,1282,-0.0005,-0.0571,False,1222,0.0008,0.0868,False
momentum_20d,1299,0.0102,0.9742,False,1239,0.0124,1.1685,False
revenue_yoy,144,0.0223,0.8136,False,144,0.0223,0.8136,False
roa,372,0.0706,3.0756,True,372,0.0706,3.0756,True
roe,372,-0.0072,-0.4904,False,372,-0.0072,-0.4904,False
rsi_14,1305,0.0055,0.5356,False,1245,0.008,0.7676,False
trust_net_buy,421,-0.0167,-1.1244,False,421,-0.0167,-1.1244,False
volume_ratio,1309,-0.0188,-2.1079,True,1249,-0.0239,-2.6697,True
