factor,roa,eps_growth,revenue_yoy,momentum_20d,rsi_14,dealer_net_buy,roe,macd_signal,trust_net_buy,foreign_net_buy,volume_ratio
roa,1.0,0.816,0.499,0.173,0.227,-0.019,-0.132,-0.03,0.017,0.01,-0.014
eps_growth,0.816,1.0,0.557,0.154,0.189,-0.005,0.113,-0.023,0.003,-0.041,-0.018
revenue_yoy,0.499,0.557,1.0,0.09,0.114,-0.013,0.009,0.031,-0.036,0.039,0.011
momentum_20d,0.173,0.154,0.09,1.0,0.862,0.056,-0.01,0.536,0.216,0.274,0.047
rsi_14,0.227,0.189,0.114,0.862,1.0,0.107,-0.015,0.573,0.234,0.377,0.083
dealer_net_buy,-0.019,-0.005,-0.013,0.056,0.107,1.0,-0.003,0.117,0.044,0.179,0.141
roe,-0.132,0.113,0.009,-0.01,-0.015,-0.003,1.0,-0.004,0.016,-0.044,0.031
macd_signal,-0.03,-0.023,0.031,0.536,0.573,0.117,-0.004,1.0,0.188,0.276,0.126
trust_net_buy,0.017,0.003,-0.036,0.216,0.234,0.044,0.016,0.188,1.0,-0.021,0.108
foreign_net_buy,0.01,-0.041,0.039,0.274,0.377,0.179,-0.044,0.276,-0.021,1.0,0.118
volume_ratio,-0.014,-0.018,0.011,0.047,0.083,0.141,0.031,0.126,0.108,0.118,1.0
