factor,execution_aligned,T,L_nw,mean_ic,std_ic,icir,t_nw,p_nw,pct_positive,ic_p05,ic_p25,ic_p50,ic_p75,ic_p95,p_holm,sig_nw_05,sig_holm_05
roa,False,916,6,0.038454,0.391216,0.0983,2.8842,0.004016,54.5,-0.6028,-0.2651,0.044,0.3424,0.6541,0.044176,True,True
eps_growth,False,916,6,0.029349,0.375202,0.0782,2.3183,0.020651,53.3,-0.6034,-0.2539,0.0353,0.3118,0.63,0.20651,True,False
revenue_yoy,False,1071,6,0.022572,0.32297,0.0699,2.2204,0.026602,53.3,-0.5105,-0.2135,0.0383,0.2606,0.5428,0.239418,True,False
momentum_20d,False,1299,7,0.009874,0.355192,0.0278,0.9773,0.328618,50.7,-0.5654,-0.2483,0.0118,0.2609,0.6093,1.0,False,False
rsi_14,False,1305,7,0.003467,0.341166,0.0102,0.3543,0.72317,50.3,-0.5524,-0.2537,0.0044,0.2529,0.5647,1.0,False,False
dealer_net_buy,True,1314,7,0.002663,0.284732,0.0094,0.3252,0.745081,49.2,-0.4687,-0.1913,-0.0029,0.1938,0.4674,1.0,False,False
roe,False,916,6,0.000941,0.279232,0.0034,0.0996,0.92071,49.3,-0.4622,-0.1926,0.0,0.1978,0.4629,1.0,False,False
macd_signal,False,1282,7,-0.000106,0.312624,-0.0003,-0.012,0.990396,51.0,-0.5206,-0.2259,0.0066,0.2324,0.4971,1.0,False,False
trust_net_buy,True,1314,7,-0.003775,0.285657,-0.0132,-0.5089,0.610906,50.2,-0.47,-0.2123,0.0029,0.1972,0.4683,1.0,False,False
foreign_net_buy,True,1314,7,-0.011847,0.288143,-0.0411,-1.4785,0.13952,47.7,-0.5022,-0.2119,-0.0147,0.1942,0.4765,0.97664,False,False
volume_ratio,False,1309,7,-0.018552,0.289929,-0.064,-2.1671,0.03041,45.4,-0.4876,-0.2324,-0.0294,0.1794,0.4667,0.24328,True,False
