factor,forward_return_horizon_days,mean_spearman_ic,nw_hac_se,t_stat,ci95_lower,ci95_upper,raw_p_nw,adj_p_bonferroni_x11,sig_bonferroni_0p05,effective_T,hac_lag_L,missing_obs_count,total_possible_dates
roa,1,0.029908,0.012232,2.4451,0.005865,0.053951,0.0149,0.1639,False,423,5,1948,2371
revenue_yoy,1,0.020821,0.014574,1.4286,-0.007924,0.049566,0.1547,1.0,False,195,4,2176,2371
eps_growth,1,0.020261,0.013833,1.4647,-0.007029,0.047551,0.1447,1.0,False,186,4,2185,2371
dealer_net_buy,1,0.00278,0.007682,0.3619,-0.012315,0.017875,0.7176,1.0,False,471,5,1900,2371
volume_ratio,1,0.002418,0.003752,0.6445,-0.004939,0.009775,0.5193,1.0,False,2359,8,12,2371
foreign_net_buy,1,0.001509,0.008454,0.1785,-0.015103,0.018121,0.8584,1.0,False,471,5,1900,2371
trust_net_buy,1,-0.002973,0.008896,-0.3342,-0.020454,0.014508,0.7383,1.0,False,471,5,1900,2371
momentum_20d,1,-0.016079,0.005017,-3.2047,-0.025918,-0.00624,0.0014,0.0154,True,2349,8,22,2371
roe,1,-0.01723,0.007647,-2.2532,-0.032261,-0.002199,0.0248,0.2728,False,423,5,1948,2371
macd_signal,1,-0.018757,0.004332,-4.3296,-0.027253,-0.010261,0.0,0.0,True,2332,8,39,2371
rsi_14,1,-0.02076,0.004772,-4.3507,-0.030117,-0.011403,0.0,0.0,True,2355,8,16,2371
