factor,T,L_nw,mean_ic,std_ic,icir,t_nw,p_nw,pct_positive,p_bonferroni,sig_bonferroni
dealer_net_buy,482,5,0.029808,0.199317,0.1495,3.5884,0.0004,55.2,0.0044,True
roa,399,5,0.028244,0.257417,0.1097,2.2524,0.0248,53.4,0.2728,False
eps_growth,156,4,0.026894,0.22114,0.1216,1.8139,0.0716,56.4,0.7876,False
revenue_yoy,234,4,0.025396,0.210049,0.1209,1.9379,0.0538,56.0,0.5918,False
trust_net_buy,482,5,0.010404,0.204106,0.051,1.1472,0.2518,50.8,1.0,False
foreign_net_buy,482,5,0.004682,0.185433,0.0252,0.505,0.6138,53.1,1.0,False
volume_ratio,2359,8,0.002418,0.188167,0.0129,0.6445,0.5193,50.3,1.0,False
roe,399,5,-0.014127,0.169323,-0.0834,-1.8844,0.0602,46.9,0.6622,False
momentum_20d,2349,8,-0.016079,0.237963,-0.0676,-3.2047,0.0014,47.4,0.0154,True
macd_signal,2332,8,-0.018757,0.204597,-0.0917,-4.3296,0.0,44.9,0.0,True
rsi_14,2355,8,-0.02076,0.224927,-0.0923,-4.3507,0.0,46.0,0.0,True
