代號,狀態,交易日數,起始日,結束日,日均量（千股）
2330.TW,✅ 通過,2371.0,2016-11-29,2026-09-01,33828.6
2454.TW,✅ 通過,2371.0,2016-11-29,2026-09-01,7483.4
2308.TW,✅ 通過,2371.0,2016-11-29,2026-09-01,7575.8
2317.TW,✅ 通過,2371.0,2016-11-29,2026-09-01,45480.2
3711.TW,✅ 通過,2371.0,2016-11-29,2026-09-01,13747.3
2303.TW,✅ 通過,2371.0,2016-11-29,2026-09-01,90665.7
2383.TW,✅ 通過,2371.0,2016-11-29,2026-09-01,4350.1
2891.TW,✅ 通過,2371.0,2016-11-29,2026-09-01,40659.6
2881.TW,✅ 通過,2371.0,2016-11-29,2026-09-01,21634.1
2345.TW,✅ 通過,2371.0,2016-11-29,2026-09-01,5106.9
3037.TW,✅ 通過,2371.0,2016-11-29,2026-09-01,30310.0
2882.TW,✅ 通過,2371.0,2016-11-29,2026-09-01,23530.8
2887.TW,✅ 通過,2371.0,2016-11-29,2026-09-01,32795.9
2327.TW,✅ 通過,2371.0,2016-11-29,2026-09-01,27882.2
2408.TW,✅ 通過,2371.0,2016-11-29,2026-09-01,29842.6
2360.TW,✅ 通過,2371.0,2016-11-29,2026-09-01,2080.5
2382.TW,✅ 通過,2371.0,2016-11-29,2026-09-01,16410.7
2885.TW,✅ 通過,2371.0,2016-11-29,2026-09-01,24867.5
3017.TW,✅ 通過,2371.0,2016-11-29,2026-09-01,10475.6
2886.TW,✅ 通過,2371.0,2016-11-29,2026-09-01,20121.4
2884.TW,✅ 通過,2371.0,2016-11-29,2026-09-01,30436.8
6669.TW,✅ 通過,2079.0,2018-02-06,2026-09-01,1544.5
2357.TW,✅ 通過,2371.0,2016-11-29,2026-09-01,3044.4
2412.TW,✅ 通過,2371.0,2016-11-29,2026-09-01,8703.9
2890.TW,✅ 通過,2371.0,2016-11-29,2026-09-01,24043.0
3231.TW,✅ 通過,2371.0,2016-11-29,2026-09-01,31094.4
2883.TW,✅ 通過,2371.0,2016-11-29,2026-09-01,44480.2
2059.TW,✅ 通過,2371.0,2016-11-29,2026-09-01,547.3
2301.TW,✅ 通過,2371.0,2016-11-29,2026-09-01,12094.0
1303.TW,✅ 通過,2371.0,2016-11-29,2026-09-01,18098.9
2892.TW,✅ 通過,2371.0,2016-11-29,2026-09-01,19966.7
2344.TW,✅ 通過,2371.0,2016-11-29,2026-09-01,66718.6
2880.TW,✅ 通過,2371.0,2016-11-29,2026-09-01,14111.2
3008.TW,✅ 通過,2371.0,2016-11-29,2026-09-01,758.8
3665.TW,✅ 通過,2371.0,2016-11-29,2026-09-01,2500.3
1216.TW,✅ 通過,2371.0,2016-11-29,2026-09-01,8869.6
7769.TW,✅ 通過,386.0,2025-02-05,2026-09-01,875.7
4958.TW,✅ 通過,2371.0,2016-11-29,2026-09-01,8103.4
3443.TW,✅ 通過,2371.0,2016-11-29,2026-09-01,3674.3
3653.TW,✅ 通過,2371.0,2016-11-29,2026-09-01,2077.7
5880.TW,✅ 通過,2371.0,2016-11-29,2026-09-01,14155.4
2368.TW,✅ 通過,2371.0,2016-11-29,2026-09-01,13927.0
2395.TW,✅ 通過,2371.0,2016-11-29,2026-09-01,1207.7
2449.TW,✅ 通過,2371.0,2016-11-29,2026-09-01,15236.2
3661.TW,✅ 通過,2371.0,2016-11-29,2026-09-01,4000.9
2603.TW,✅ 通過,2371.0,2016-11-29,2026-09-01,31239.4
8046.TW,✅ 通過,2371.0,2016-11-29,2026-09-01,9016.5
4904.TW,✅ 通過,2371.0,2016-11-29,2026-09-01,4662.6
3045.TW,✅ 通過,2371.0,2016-11-29,2026-09-01,5179.4
6505.TW,✅ 通過,2371.0,2016-11-29,2026-09-01,5119.9
── 摘要 ──,通過 50 / 請求 50,2325.0,2016-11-29,2026-09-01,—
