quarter,IC_event_mean,IC_nonevent_mean,d_q,N_event,N_nonevent
2021-Q2,-0.014724,-0.006335,0.008388,45,13
2021-Q3,0.015702,-0.081805,-0.097508,45,17
2021-Q4,0.001723,-0.006489,-0.008211,45,18
2022-Q1,-0.008708,0.141421,0.150129,45,10
2022-Q2,-0.037281,-0.010003,0.027278,45,15
2022-Q3,-0.061219,0.010739,0.071958,45,19
2022-Q4,-0.009764,0.022663,0.032427,45,18
2023-Q1,-0.012667,0.127274,0.139942,45,8
2023-Q2,0.013877,0.095966,0.08209,45,13
2023-Q3,-0.024038,0.080643,0.104681,45,17
2023-Q4,-0.010506,-0.069282,-0.058775,45,17
2024-Q1,-0.030152,-0.02123,0.008921,45,10
2024-Q2,0.026305,0.0319,0.005595,45,15
2024-Q3,0.028665,0.045939,0.017274,45,17
2024-Q4,0.011562,0.10934,0.097778,45,16
2025-Q1,-0.025505,0.029157,0.054662,45,9
2025-Q2,-0.026126,-0.014275,0.011851,45,15
2025-Q3,0.008766,0.133675,0.124909,45,17
2025-Q4,-0.084854,-0.025379,0.059475,45,16
2026-Q1,0.009272,-0.116685,-0.125956,45,9
2026-Q2,-0.054679,-0.226805,-0.172126,45,7
